size,N,M,target_sparsity,actual_nnz,actual_sparsity,layout,algorithm,index_dt,value_dt,fwd_time_us,fwd_time_std_us,fwd_mem_MB,fwd_mem_std_MB,bwd_time_us,bwd_time_std_us,bwd_mem_MB,bwd_mem_std_MB,residual_norm,relative_residual_norm,python_version,pytorch_version,cuda_version,cuda_device_name
tiny,256,1,0.3,45952,0.298828125,coo,dense.solve,int32,float32,393.6402758376466,5.246330691466635,11.153408,0.0,911.3860316574574,100.79572994151745,20.510208,0.0,5.758351562690223e-06,3.6874191734067837e-07,3.10.12,2.8.0+cu128,12.8,NVIDIA GeForce RTX 4090
tiny,256,1,0.3,45952,0.298828125,coo,sparse_generic_cg,int32,float32,98923.92163164914,290.8637798484081,19.343359999999997,3.552713678800501e-15,195537.77477186586,351.4175318667348,20.617215999999996,3.552713678800501e-15,2.9413347244262695,0.18724144525356898,3.10.12,2.8.0+cu128,12.8,NVIDIA GeForce RTX 4090
tiny,256,1,0.3,45952,0.298828125,coo,sparse_generic_bicgstab,int32,float32,1402.688934467733,20.89785333241325,19.343359999999997,3.552713678800501e-15,3359.9834682212936,69.08012989648164,20.617215999999996,3.552713678800501e-15,0.00010926291724899784,6.457142420927816e-06,3.10.12,2.8.0+cu128,12.8,NVIDIA GeForce RTX 4090
tiny,256,1,0.3,45952,0.298828125,coo,sparse_generic_minres,int32,float32,29310.37819944322,228.6759835634072,19.355136000000005,3.552713678800501e-15,58075.647125951946,385.37924713305716,20.617215999999996,3.552713678800501e-15,0.7629566192626953,0.047248018403634046,3.10.12,2.8.0+cu128,12.8,NVIDIA GeForce RTX 4090
tiny,256,1,0.3,45952,0.298828125,coo,cupy_cg,int32,float32,1305496.040219441,5201.009607409245,19.143679999999996,3.552713678800501e-15,2559817.0621320605,4256.008553213207,20.615168000000004,3.552713678800501e-15,4.723401069641113,0.32607082693306866,3.10.12,2.8.0+cu128,12.8,NVIDIA GeForce RTX 4090
tiny,256,1,0.3,45952,0.298828125,coo,cupy_cgs,int32,float32,22308.48609469831,129.03346921771413,19.142655999999995,3.552713678800501e-15,44307.43094999343,165.10488632113487,20.614144000000003,3.552713678800501e-15,7.484447269234806e-05,4.782998452710341e-06,3.10.12,2.8.0+cu128,12.8,NVIDIA GeForce RTX 4090
tiny,256,1,0.3,45952,0.298828125,coo,cupy_minres,int32,float32,632196.0465051234,707.337301517595,19.142655999999995,3.552713678800501e-15,1274363.4367128834,1492.8097914573498,20.614144000000003,3.552713678800501e-15,0.48266303539276123,0.030903433927406476,3.10.12,2.8.0+cu128,12.8,NVIDIA GeForce RTX 4090
tiny,256,1,0.3,45952,0.298828125,coo,cupy_gmres,int32,float32,28846.26085869968,108.31079280043494,19.142655999999995,3.552713678800501e-15,56827.79799681157,285.2023393665206,20.614144000000003,3.552713678800501e-15,3.3909698231582297e-06,1.9965142025913176e-07,3.10.12,2.8.0+cu128,12.8,NVIDIA GeForce RTX 4090
tiny,256,1,0.3,45952,0.298828125,coo,cupy_spsolve,int32,float32,6216.997125496467,40.185517774558555,19.142655999999995,3.552713678800501e-15,12733.110785484314,93.91645261213993,20.614144000000003,3.552713678800501e-15,9.086439604288898e-06,5.479421819654442e-07,3.10.12,2.8.0+cu128,12.8,NVIDIA GeForce RTX 4090
tiny,256,1,0.3,45952,0.298828125,coo,jax_cg,int32,float32,93825.06222464144,811.5730206998871,19.142655999999995,3.552713678800501e-15,180318.18509916775,983.7417992726914,20.615168000000004,3.552713678800501e-15,4.216953277587891,0.28199812349715236,3.10.12,2.8.0+cu128,12.8,NVIDIA GeForce RTX 4090
tiny,256,1,0.3,45952,0.298828125,coo,jax_bicgstab,int32,float32,106002.9498508407,2006.5999634395614,19.142655999999995,3.552713678800501e-15,197027.09820121527,2733.9040097795396,20.615168000000004,3.552713678800501e-15,0.00010405335342511535,6.499634064228072e-06,3.10.12,2.8.0+cu128,12.8,NVIDIA GeForce RTX 4090
tiny,256,1,0.3,45952,0.298828125,csr,dense.solve,int32,float32,484.1638987676965,4.561680068309617,21.985792,0.0,1011.5819750353694,89.79710728423215,21.985792,0.0,5.608775154541945e-06,3.2942303602883924e-07,3.10.12,2.8.0+cu128,12.8,NVIDIA GeForce RTX 4090
tiny,256,1,0.3,45952,0.298828125,csr,sparse_generic_cg,int32,float32,81697.90104563747,155.24636532089505,18.794496000000002,3.552713678800501e-15,162119.9255110696,585.2175458793496,19.887104,0.0,5.653311252593994,0.362114249317408,3.10.12,2.8.0+cu128,12.8,NVIDIA GeForce RTX 4090
tiny,256,1,0.3,45952,0.298828125,csr,sparse_generic_bicgstab,int32,float32,1188.7339254220326,8.333602400477517,18.794496000000002,3.552713678800501e-15,2849.322836846113,58.247342687658886,19.887104,0.0,7.654268847545609e-05,4.785971660663185e-06,3.10.12,2.8.0+cu128,12.8,NVIDIA GeForce RTX 4090
tiny,256,1,0.3,45952,0.298828125,csr,sparse_generic_minres,int32,float32,24825.065319115918,212.42728238712,18.806272,0.0,49551.66813451797,142.2331998477818,19.887104,0.0,0.3987541198730469,0.023038026043762132,3.10.12,2.8.0+cu128,12.8,NVIDIA GeForce RTX 4090
tiny,256,1,0.3,45952,0.298828125,csr,cupy_cg,int32,float32,108991.01067334414,560.5013960930676,18.781184,0.0,205060.2283432252,734.6201667366478,19.885056,0.0,2.7218546867370605,0.17240234412989558,3.10.12,2.8.0+cu128,12.8,NVIDIA GeForce RTX 4090
tiny,256,1,0.3,45952,0.298828125,csr,cupy_cgs,int32,float32,1712.7284728404547,25.321559419296253,18.78016,0.0,3878.1346649759344,29.247346839956524,19.884031999999998,3.552713678800501e-15,0.00013613360351882875,8.348985530092214e-06,3.10.12,2.8.0+cu128,12.8,NVIDIA GeForce RTX 4090
tiny,256,1,0.3,45952,0.298828125,csr,cupy_minres,int32,float32,116290.58760590851,578.4812445348864,18.78016,0.0,220789.82344828546,715.952730083189,19.884031999999998,3.552713678800501e-15,0.6265355348587036,0.0385798700110495,3.10.12,2.8.0+cu128,12.8,NVIDIA GeForce RTX 4090
tiny,256,1,0.3,45952,0.298828125,csr,cupy_gmres,int32,float32,1958.9770430078108,30.565481419964893,18.78016,0.0,4214.819520711899,54.14824363073402,19.884031999999998,3.552713678800501e-15,3.101021320617292e-06,1.9909654577463857e-07,3.10.12,2.8.0+cu128,12.8,NVIDIA GeForce RTX 4090
tiny,256,1,0.3,45952,0.298828125,csr,cupy_spsolve,int32,float32,4970.00131290406,11.946275634959747,18.78016,0.0,10495.398833882064,171.13109812174326,19.884031999999998,3.552713678800501e-15,8.969333975983318e-06,5.75168332898764e-07,3.10.12,2.8.0+cu128,12.8,NVIDIA GeForce RTX 4090
tiny,256,1,0.3,45952,0.298828125,csr,jax_cg,int32,float32,94027.72947214544,1310.335615280749,18.78016,0.0,182287.3657414069,2577.9999070809085,19.885056,0.0,4.120044231414795,0.2531136074314817,3.10.12,2.8.0+cu128,12.8,NVIDIA GeForce RTX 4090
tiny,256,1,0.3,45952,0.298828125,csr,jax_bicgstab,int32,float32,103869.63579286303,1253.259583252562,18.78016,0.0,198158.16809423268,5068.565491551921,19.885056,0.0,3.209267742931843e-05,1.96811003390514e-06,3.10.12,2.8.0+cu128,12.8,NVIDIA GeForce RTX 4090
tiny,256,1,0.3,45952,0.298828125,coo,dense.solve,int32,float64,743.7786811755764,4.406820514837119,20.832767999999998,3.552713678800501e-15,1236.0939988866448,83.35297175298001,21.87776,0.0,1.035975713379721e-14,6.653975296113758e-16,3.10.12,2.8.0+cu128,12.8,NVIDIA GeForce RTX 4090
tiny,256,1,0.3,45952,0.298828125,coo,sparse_generic_cg,int32,float64,99436.8488382962,362.1933003932563,19.986432,0.0,196846.27049395608,736.3345294267091,21.988352,0.0,2.4644598648586964,0.1591100361499178,3.10.12,2.8.0+cu128,12.8,NVIDIA GeForce RTX 4090
tiny,256,1,0.3,45952,0.298828125,coo,sparse_generic_bicgstab,int32,float64,1409.6428640186787,18.50625939742042,19.987456,0.0,3474.8320209069384,43.03051933076144,21.988352,0.0,0.0001134153770495783,7.68279365582561e-06,3.10.12,2.8.0+cu128,12.8,NVIDIA GeForce RTX 4090
tiny,256,1,0.3,45952,0.298828125,coo,sparse_generic_minres,int32,float64,29631.41305372119,211.32374383310412,20.003328000000003,3.552713678800501e-15,60097.63709153049,252.26093583724705,21.988352,0.0,0.43019875391720047,0.02436463140276829,3.10.12,2.8.0+cu128,12.8,NVIDIA GeForce RTX 4090
tiny,256,1,0.3,45952,0.298828125,coo,cupy_cg,int32,float64,1316025.487263687,3001.4592126484354,19.777536,0.0,2587941.725854762,3037.730049514466,21.984255999999995,3.552713678800501e-15,3.262433312545114,0.20128314677916487,3.10.12,2.8.0+cu128,12.8,NVIDIA GeForce RTX 4090
tiny,256,1,0.3,45952,0.298828125,coo,cupy_cgs,int32,float64,20063.045620918274,73.78082354980201,19.775488,0.0,39603.19587753879,160.38441777703838,21.982208000000004,3.552713678800501e-15,0.00011712607674260003,7.302945192737506e-06,3.10.12,2.8.0+cu128,12.8,NVIDIA GeForce RTX 4090
tiny,256,1,0.3,45952,0.298828125,coo,cupy_minres,int32,float64,829862.8372838721,1325.9629201110495,19.775488,0.0,1536721.4588215575,3815.503187088977,21.982208000000004,3.552713678800501e-15,0.8288301369127645,0.0543485570935546,3.10.12,2.8.0+cu128,12.8,NVIDIA GeForce RTX 4090
tiny,256,1,0.3,45952,0.298828125,coo,cupy_gmres,int32,float64,29032.52956457436,45.314117608499515,19.775488,0.0,57506.350334733725,285.213688315933,21.982208000000004,3.552713678800501e-15,1.3764114744696506e-07,8.181189602938728e-09,3.10.12,2.8.0+cu128,12.8,NVIDIA GeForce RTX 4090
tiny,256,1,0.3,45952,0.298828125,coo,cupy_spsolve,int32,float64,7804.311625659466,25.839273536126726,19.775488,0.0,15816.421015188098,15.411346105653305,21.982208000000004,3.552713678800501e-15,1.603175585974071e-14,1.0157335595476776e-15,3.10.12,2.8.0+cu128,12.8,NVIDIA GeForce RTX 4090
tiny,256,1,0.3,45952,0.298828125,coo,jax_cg,int32,float64,104510.78347396106,1034.401714590401,19.775488,0.0,204756.5680113621,1850.7126385241502,21.984255999999995,3.552713678800501e-15,3.5402454874617133,0.20868662525530876,3.10.12,2.8.0+cu128,12.8,NVIDIA GeForce RTX 4090
tiny,256,1,0.3,45952,0.298828125,coo,jax_bicgstab,int32,float64,126736.20071395168,3463.81035346571,19.775488,0.0,236948.00881203264,5100.219463944998,21.984255999999995,3.552713678800501e-15,9.354391939302003e-05,5.772415419588115e-06,3.10.12,2.8.0+cu128,12.8,NVIDIA GeForce RTX 4090
tiny,256,1,0.3,45952,0.298828125,csr,dense.solve,int32,float64,827.2450262059768,4.3532005210445535,22.880767999999996,3.552713678800501e-15,1440.8730901777744,35.37568324760825,22.880767999999996,3.552713678800501e-15,1.0395093160044587e-14,6.406317296074408e-16,3.10.12,2.8.0+cu128,12.8,NVIDIA GeForce RTX 4090
tiny,256,1,0.3,45952,0.298828125,csr,sparse_generic_cg,int32,float64,81564.397434704,140.62977039707948,19.436544,0.0,161777.42954136597,527.0996162864415,21.25824,0.0,3.1684600915483174,0.211081781095944,3.10.12,2.8.0+cu128,12.8,NVIDIA GeForce RTX 4090
tiny,256,1,0.3,45952,0.298828125,csr,sparse_generic_bicgstab,int32,float64,1134.507797865404,10.05065064412652,19.437568,0.0,2834.8080115392804,30.45073561624107,21.25824,0.0,7.560280536126237e-05,4.806983625508921e-06,3.10.12,2.8.0+cu128,12.8,NVIDIA GeForce RTX 4090
tiny,256,1,0.3,45952,0.298828125,csr,sparse_generic_minres,int32,float64,25103.22134476155,181.5721962256099,19.45344,0.0,50362.803119545184,197.15923528106686,21.25824,0.0,0.4880988463416594,0.029230972261947052,3.10.12,2.8.0+cu128,12.8,NVIDIA GeForce RTX 4090
tiny,256,1,0.3,45952,0.298828125,csr,cupy_cg,int32,float64,118088.01088482141,490.29589780547553,19.41504,0.0,224210.92859003693,1118.4958744359353,21.254144,0.0,3.68684807516397,0.2270266985016091,3.10.12,2.8.0+cu128,12.8,NVIDIA GeForce RTX 4090
tiny,256,1,0.3,45952,0.298828125,csr,cupy_cgs,int32,float64,1695.311317841212,14.520982559442455,19.412992,0.0,3918.415918532345,48.717755661096035,21.252096,0.0,4.8101916353264074e-05,2.8912208538044633e-06,3.10.12,2.8.0+cu128,12.8,NVIDIA GeForce RTX 4090
tiny,256,1,0.3,45952,0.298828125,csr,cupy_minres,int32,float64,143407.00588654727,871.8970884946553,19.412992,0.0,261309.9610639943,669.7956881172503,21.252096,0.0,0.851936920895608,0.051679973410253655,3.10.12,2.8.0+cu128,12.8,NVIDIA GeForce RTX 4090
tiny,256,1,0.3,45952,0.298828125,csr,cupy_gmres,int32,float64,2029.184355503983,31.25964175103974,19.412992,0.0,4358.47279150039,31.642636857107,21.252096,0.0,1.3510387652039456e-07,8.794893824388277e-09,3.10.12,2.8.0+cu128,12.8,NVIDIA GeForce RTX 4090
tiny,256,1,0.3,45952,0.298828125,csr,cupy_spsolve,int32,float64,6549.958814866841,29.559739922599693,19.412992,0.0,13281.203909880585,54.238225210794056,21.252096,0.0,1.3869004318754822e-14,8.582911530615673e-16,3.10.12,2.8.0+cu128,12.8,NVIDIA GeForce RTX 4090
tiny,256,1,0.3,45952,0.298828125,csr,jax_cg,int32,float64,105286.3818541583,805.3847432580906,19.412992,0.0,214882.15624251298,1819.1322732332046,21.254144,0.0,1.5541872113448199,0.09293737973184313,3.10.12,2.8.0+cu128,12.8,NVIDIA GeForce RTX 4090
tiny,256,1,0.3,45952,0.298828125,csr,jax_bicgstab,int32,float64,122623.78179002553,2996.117700390759,19.412992,0.0,234069.33933599957,3272.399943023972,21.254144,0.0,3.4122421318839886e-05,2.298960473763021e-06,3.10.12,2.8.0+cu128,12.8,NVIDIA GeForce RTX 4090
tiny,256,1,0.3,45952,0.298828125,coo,dense.solve,int64,float32,399.46331849528684,5.76063328924757,19.675136000000002,3.552713678800501e-15,881.003076210618,80.0065906645749,20.512256,0.0,6.24720405539847e-06,3.6473418320870007e-07,3.10.12,2.8.0+cu128,12.8,NVIDIA GeForce RTX 4090
tiny,256,1,0.3,45952,0.298828125,coo,sparse_generic_cg,int64,float32,99507.57962651551,129.2419507563918,19.343359999999997,3.552713678800501e-15,197124.19756170776,334.2959164087897,20.617215999999996,3.552713678800501e-15,4.101481914520264,0.238945471269865,3.10.12,2.8.0+cu128,12.8,NVIDIA GeForce RTX 4090
tiny,256,1,0.3,45952,0.298828125,coo,sparse_generic_bicgstab,int64,float32,1423.351903213188,6.832262220713993,19.343359999999997,3.552713678800501e-15,3529.1467275884415,52.876007750107966,20.617215999999996,3.552713678800501e-15,0.00010021388152381405,6.307957743961676e-06,3.10.12,2.8.0+cu128,12.8,NVIDIA GeForce RTX 4090
tiny,256,1,0.3,45952,0.298828125,coo,sparse_generic_minres,int64,float32,29397.4865760122,22.687449597425108,19.355136000000005,3.552713678800501e-15,58571.21191608409,220.0582319952106,20.617215999999996,3.552713678800501e-15,0.5858471393585205,0.03814130141751808,3.10.12,2.8.0+cu128,12.8,NVIDIA GeForce RTX 4090
tiny,256,1,0.3,45952,0.298828125,coo,cupy_cg,int64,float32,1312189.8685931228,2058.372881584245,19.143679999999996,3.552713678800501e-15,2586423.9518530667,5703.925912396951,20.615168000000004,3.552713678800501e-15,2.411686897277832,0.15310787547707014,3.10.12,2.8.0+cu128,12.8,NVIDIA GeForce RTX 4090
tiny,256,1,0.3,45952,0.298828125,coo,cupy_cgs,int64,float32,22485.792378170623,49.640266184923476,19.142655999999995,3.552713678800501e-15,44852.47801575396,210.259002984169,20.614144000000003,3.552713678800501e-15,9.860056889010593e-05,6.574908324077565e-06,3.10.12,2.8.0+cu128,12.8,NVIDIA GeForce RTX 4090
tiny,256,1,0.3,45952,0.298828125,coo,cupy_minres,int64,float32,1185464.7939972994,3161.464060711005,19.142655999999995,3.552713678800501e-15,1995108.5564162997,4227.598509643087,20.614144000000003,3.552713678800501e-15,1.5015336275100708,0.09083663522223033,3.10.12,2.8.0+cu128,12.8,NVIDIA GeForce RTX 4090
tiny,256,1,0.3,45952,0.298828125,coo,cupy_gmres,int64,float32,29219.220211315485,67.73166081182616,19.142655999999995,3.552713678800501e-15,57345.856627863315,245.58147358593504,20.614144000000003,3.552713678800501e-15,3.7571173834294314e-06,2.255518802032554e-07,3.10.12,2.8.0+cu128,12.8,NVIDIA GeForce RTX 4090
tiny,256,1,0.3,45952,0.298828125,coo,cupy_spsolve,int64,float32,6204.847608589464,11.65374187556541,19.142655999999995,3.552713678800501e-15,12565.18016452901,34.22538407421113,20.614144000000003,3.552713678800501e-15,8.659710147185251e-06,5.534532560302452e-07,3.10.12,2.8.0+cu128,12.8,NVIDIA GeForce RTX 4090
tiny,256,1,0.3,45952,0.298828125,coo,jax_cg,int64,float32,95434.37669053674,945.7305629125915,19.142655999999995,3.552713678800501e-15,181151.78975858726,1159.4575397983344,20.615168000000004,3.552713678800501e-15,4.887913703918457,0.29639260689300384,3.10.12,2.8.0+cu128,12.8,NVIDIA GeForce RTX 4090
tiny,256,1,0.3,45952,0.298828125,coo,jax_bicgstab,int64,float32,108397.99321256578,2097.4454104579963,19.142655999999995,3.552713678800501e-15,198029.28408090438,2622.088119643194,20.615168000000004,3.552713678800501e-15,0.00011303370411042124,7.535200846495224e-06,3.10.12,2.8.0+cu128,12.8,NVIDIA GeForce RTX 4090
tiny,256,1,0.3,45952,0.298828125,csr,dense.solve,int64,float32,487.9745247308165,2.7355700886692214,21.985792,0.0,1055.289409123361,84.33719494571984,21.985792,0.0,5.926184712734539e-06,3.6146321276757333e-07,3.10.12,2.8.0+cu128,12.8,NVIDIA GeForce RTX 4090
tiny,256,1,0.3,45952,0.298828125,csr,sparse_generic_cg,int64,float32,82163.3003393395,294.7479630047303,18.794496000000002,3.552713678800501e-15,162955.19755221903,526.4670834594585,19.887104,0.0,4.0771708488464355,0.24679204432534393,3.10.12,2.8.0+cu128,12.8,NVIDIA GeForce RTX 4090
tiny,256,1,0.3,45952,0.298828125,csr,sparse_generic_bicgstab,int64,float32,1272.1151061769988,18.0509135032902,18.794496000000002,3.552713678800501e-15,3080.231440253556,50.97242307102422,19.887104,0.0,1.5288887880160473e-05,9.457479582167082e-07,3.10.12,2.8.0+cu128,12.8,NVIDIA GeForce RTX 4090
tiny,256,1,0.3,45952,0.298828125,csr,sparse_generic_minres,int64,float32,24943.97826699747,90.88447519887886,18.806272,0.0,49849.95359554887,322.9169096569176,19.887104,0.0,0.757160484790802,0.04805797368355743,3.10.12,2.8.0+cu128,12.8,NVIDIA GeForce RTX 4090
tiny,256,1,0.3,45952,0.298828125,csr,cupy_cg,int64,float32,108220.77806935542,798.6370436584776,18.781184,0.0,205808.5173193831,342.2468786564626,19.885056,0.0,4.753923416137695,0.285238092567782,3.10.12,2.8.0+cu128,12.8,NVIDIA GeForce RTX 4090
tiny,256,1,0.3,45952,0.298828125,csr,cupy_cgs,int64,float32,1728.2022454310209,9.131414290475096,18.78016,0.0,4091.8898303061724,52.46198309681882,19.884031999999998,3.552713678800501e-15,5.940494520473294e-05,3.875008799276916e-06,3.10.12,2.8.0+cu128,12.8,NVIDIA GeForce RTX 4090
tiny,256,1,0.3,45952,0.298828125,csr,cupy_minres,int64,float32,138280.9766335413,1023.3202483024162,18.78016,0.0,276445.6821139902,750.6691247116255,19.884031999999998,3.552713678800501e-15,1.0684456825256348,0.067784390089841,3.10.12,2.8.0+cu128,12.8,NVIDIA GeForce RTX 4090
tiny,256,1,0.3,45952,0.298828125,csr,cupy_gmres,int64,float32,1987.9293265855974,28.500874001215344,18.78016,0.0,4242.055583745241,36.08973588735267,19.884031999999998,3.552713678800501e-15,3.336325789859984e-06,2.0624176209508195e-07,3.10.12,2.8.0+cu128,12.8,NVIDIA GeForce RTX 4090
tiny,256,1,0.3,45952,0.298828125,csr,cupy_spsolve,int64,float32,4919.813480228186,15.23232207528431,18.78016,0.0,10201.261327084569,54.90700381543294,19.884031999999998,3.552713678800501e-15,9.434813364350703e-06,5.707920048271474e-07,3.10.12,2.8.0+cu128,12.8,NVIDIA GeForce RTX 4090
tiny,256,1,0.3,45952,0.298828125,csr,jax_cg,int64,float32,95358.44354993767,1357.1902325011176,18.78016,0.0,184344.13289651275,1085.499859117976,19.885056,0.0,3.515021324157715,0.2245449752540181,3.10.12,2.8.0+cu128,12.8,NVIDIA GeForce RTX 4090
tiny,256,1,0.3,45952,0.298828125,csr,jax_bicgstab,int64,float32,107363.72147221118,2586.0003089171837,18.78016,0.0,199369.4653501734,3854.8816035423406,19.885056,0.0,6.900171138113365e-05,4.350406023841199e-06,3.10.12,2.8.0+cu128,12.8,NVIDIA GeForce RTX 4090
tiny,256,1,0.3,45952,0.298828125,coo,dense.solve,int64,float64,684.8209951486853,4.097654588170302,20.832767999999998,3.552713678800501e-15,1205.7060142979026,64.42336620500856,21.87776,0.0,1.384068398190021e-14,8.137976989840905e-16,3.10.12,2.8.0+cu128,12.8,NVIDIA GeForce RTX 4090
tiny,256,1,0.3,45952,0.298828125,coo,sparse_generic_cg,int64,float64,98786.72757703398,170.71327692111626,19.986432,0.0,197823.6592549365,546.5218948088578,21.988352,0.0,2.7003282149246117,0.1613350724990997,3.10.12,2.8.0+cu128,12.8,NVIDIA GeForce RTX 4090
tiny,256,1,0.3,45952,0.298828125,coo,sparse_generic_bicgstab,int64,float64,1410.80005818771,10.765547221819622,19.987456,0.0,3571.847337298095,46.269292351651224,21.988352,0.0,7.541756292416975e-05,4.305159634574473e-06,3.10.12,2.8.0+cu128,12.8,NVIDIA GeForce RTX 4090
tiny,256,1,0.3,45952,0.298828125,coo,sparse_generic_minres,int64,float64,29828.850319609046,204.41003533342155,20.003328000000003,3.552713678800501e-15,58871.59003759734,230.09588100828907,21.988352,0.0,0.624749308466834,0.04078317265592133,3.10.12,2.8.0+cu128,12.8,NVIDIA GeForce RTX 4090
tiny,256,1,0.3,45952,0.298828125,coo,cupy_cg,int64,float64,1326820.835271584,475.12467294371453,19.777536,0.0,2593849.3282767013,4573.637206699248,21.984255999999995,3.552713678800501e-15,3.7351011311632107,0.2331041798380883,3.10.12,2.8.0+cu128,12.8,NVIDIA GeForce RTX 4090
tiny,256,1,0.3,45952,0.298828125,coo,cupy_cgs,int64,float64,20000.95145776868,76.68156967911929,19.775488,0.0,42541.36267118156,320.0511454423151,21.982208000000004,3.552713678800501e-15,0.00014830526162096081,9.168456239374377e-06,3.10.12,2.8.0+cu128,12.8,NVIDIA GeForce RTX 4090
tiny,256,1,0.3,45952,0.298828125,coo,cupy_minres,int64,float64,723242.218978703,3633.3711810646805,19.775488,0.0,1822240.5466949567,3283.7557788521867,21.982208000000004,3.552713678800501e-15,0.6954799264942199,0.04019950158013187,3.10.12,2.8.0+cu128,12.8,NVIDIA GeForce RTX 4090
tiny,256,1,0.3,45952,0.298828125,coo,cupy_gmres,int64,float64,29097.090871073306,161.3974962075536,19.775488,0.0,57604.65324856341,144.61830715142113,21.982208000000004,3.552713678800501e-15,9.997596627936547e-08,6.559926905827373e-09,3.10.12,2.8.0+cu128,12.8,NVIDIA GeForce RTX 4090
tiny,256,1,0.3,45952,0.298828125,coo,cupy_spsolve,int64,float64,7829.3318510986865,11.974330106842986,19.775488,0.0,15772.27667439729,42.680766180245286,21.982208000000004,3.552713678800501e-15,1.6599794404345843e-14,9.884005125225529e-16,3.10.12,2.8.0+cu128,12.8,NVIDIA GeForce RTX 4090
tiny,256,1,0.3,45952,0.298828125,coo,jax_cg,int64,float64,103825.18507540226,1965.6698051731391,19.775488,0.0,206552.3433557246,835.3749332524135,21.984255999999995,3.552713678800501e-15,4.740904579999794,0.29216545449973735,3.10.12,2.8.0+cu128,12.8,NVIDIA GeForce RTX 4090
tiny,256,1,0.3,45952,0.298828125,coo,jax_bicgstab,int64,float64,126031.62424056791,1252.0716033612498,19.775488,0.0,238327.2257167846,2562.389041768988,21.984255999999995,3.552713678800501e-15,8.503273588752349e-05,5.6956841677921454e-06,3.10.12,2.8.0+cu128,12.8,NVIDIA GeForce RTX 4090
tiny,256,1,0.3,45952,0.298828125,csr,dense.solve,int64,float64,830.8335673063993,2.7199961623906317,22.880767999999996,3.552713678800501e-15,1434.3203511089087,38.1227840878652,22.880767999999996,3.552713678800501e-15,1.0863749036711622e-14,7.025035860464206e-16,3.10.12,2.8.0+cu128,12.8,NVIDIA GeForce RTX 4090
tiny,256,1,0.3,45952,0.298828125,csr,sparse_generic_cg,int64,float64,81834.07271280885,349.2636002782049,19.436544,0.0,161932.81874681512,396.56581264270596,21.25824,0.0,2.215775441785262,0.14856086812646657,3.10.12,2.8.0+cu128,12.8,NVIDIA GeForce RTX 4090
tiny,256,1,0.3,45952,0.298828125,csr,sparse_generic_bicgstab,int64,float64,1126.9764509052038,6.199891271959093,19.437568,0.0,2896.3128570467234,46.20358090139315,21.25824,0.0,8.202887114128058e-05,5.421826973158893e-06,3.10.12,2.8.0+cu128,12.8,NVIDIA GeForce RTX 4090
tiny,256,1,0.3,45952,0.298828125,csr,sparse_generic_minres,int64,float64,25029.932940378785,83.41268658895792,19.45344,0.0,49965.91100934893,248.2583674670518,21.25824,0.0,0.8367787465142955,0.05265638974152306,3.10.12,2.8.0+cu128,12.8,NVIDIA GeForce RTX 4090
tiny,256,1,0.3,45952,0.298828125,csr,cupy_cg,int64,float64,117660.65302718844,235.49011390273105,19.41504,0.0,223799.31753190854,374.2142569958543,21.254144,0.0,2.1491571510731364,0.1303419103246128,3.10.12,2.8.0+cu128,12.8,NVIDIA GeForce RTX 4090
tiny,256,1,0.3,45952,0.298828125,csr,cupy_cgs,int64,float64,1743.2621162798669,25.598771439137998,19.412992,0.0,4262.147843837738,128.06922679481374,21.252096,0.0,7.696236930115317e-05,4.878782000055225e-06,3.10.12,2.8.0+cu128,12.8,NVIDIA GeForce RTX 4090
tiny,256,1,0.3,45952,0.298828125,csr,cupy_minres,int64,float64,174630.14831042124,953.347872337879,19.412992,0.0,274891.62338897586,1135.8479364234338,21.252096,0.0,1.421034075463772,0.09042718872982254,3.10.12,2.8.0+cu128,12.8,NVIDIA GeForce RTX 4090
tiny,256,1,0.3,45952,0.298828125,csr,cupy_gmres,int64,float64,2030.314670668708,14.263531717462643,19.412992,0.0,4371.046554297209,34.50509455579184,21.252096,0.0,1.0715430294741284e-07,6.849309704439288e-09,3.10.12,2.8.0+cu128,12.8,NVIDIA GeForce RTX 4090
tiny,256,1,0.3,45952,0.298828125,csr,cupy_spsolve,int64,float64,6590.674933977425,25.29692934396568,19.412992,0.0,13444.069772958755,122.92428942464747,21.252096,0.0,1.3357849720344843e-14,8.693703469803693e-16,3.10.12,2.8.0+cu128,12.8,NVIDIA GeForce RTX 4090
tiny,256,1,0.3,45952,0.298828125,csr,jax_cg,int64,float64,106584.28678289056,1660.7841149056735,19.412992,0.0,215342.52567216754,2515.2935981249393,21.254144,0.0,3.7022079558679657,0.22375863507016988,3.10.12,2.8.0+cu128,12.8,NVIDIA GeForce RTX 4090
tiny,256,1,0.3,45952,0.298828125,csr,jax_bicgstab,int64,float64,124241.75953492522,2799.478892323133,19.412992,0.0,237428.57145973376,2667.3309203709646,21.254144,0.0,9.412431776626313e-05,6.115535325608502e-06,3.10.12,2.8.0+cu128,12.8,NVIDIA GeForce RTX 4090
small,1024,1,0.5,524800,0.49951171875,coo,dense.solve,int32,float32,1889.7416432284647,5.304317702125942,50.65369599999999,7.105427357601002e-15,2480.9647584334016,88.22792605949864,59.035136,0.0,1.1942141100007575e-05,3.84335077777746e-07,3.10.12,2.8.0+cu128,12.8,NVIDIA GeForce RTX 4090
small,1024,1,0.5,524800,0.49951171875,coo,sparse_generic_cg,int32,float32,99103.06890960783,336.60763482409067,44.389888,0.0,197920.93326234154,964.4732554264315,59.044864,0.0,18.788850784301758,0.5864044438962503,3.10.12,2.8.0+cu128,12.8,NVIDIA GeForce RTX 4090
small,1024,1,0.5,524800,0.49951171875,coo,sparse_generic_bicgstab,int32,float32,1329.037972027436,5.701821618085286,44.39296,0.0,3301.919694058597,57.94449825243238,59.044864,0.0,0.0001208831017720513,3.589465733603656e-06,3.10.12,2.8.0+cu128,12.8,NVIDIA GeForce RTX 4090
small,1024,1,0.5,524800,0.49951171875,coo,sparse_generic_minres,int32,float32,87837.46727276593,401.65875905220014,44.41702399999999,7.105427357601002e-15,171079.82113957405,324.24466781820604,59.044864,0.0,2.5287132263183594,0.08239501871388039,3.10.12,2.8.0+cu128,12.8,NVIDIA GeForce RTX 4090
small,1024,1,0.5,524800,0.49951171875,coo,cupy_cg,int32,float32,1984046.459570527,1767.7024654624804,42.242048,0.0,3939812.49416247,2817.9824351773163,59.036671999999996,7.105427357601002e-15,15.01660442352295,0.4842536573088267,3.10.12,2.8.0+cu128,12.8,NVIDIA GeForce RTX 4090
small,1024,1,0.5,524800,0.49951171875,coo,cupy_cgs,int32,float32,29821.558105241922,49.8989723888742,42.237952,0.0,59511.61108290156,126.89176961237617,59.03257599999999,7.105427357601002e-15,8.004134724615142e-05,2.527302479880076e-06,3.10.12,2.8.0+cu128,12.8,NVIDIA GeForce RTX 4090
small,1024,1,0.5,524800,0.49951171875,coo,cupy_minres,int32,float32,1337261.1259808764,1430.3183226197798,42.237952,0.0,2717815.012257132,2449.0404563532256,59.03257599999999,7.105427357601002e-15,2.294421434402466,0.07120210448346735,3.10.12,2.8.0+cu128,12.8,NVIDIA GeForce RTX 4090
small,1024,1,0.5,524800,0.49951171875,coo,cupy_gmres,int32,float32,42809.02815258337,58.26551281183877,42.237952,0.0,85271.48319990374,106.29657293920195,59.03257599999999,7.105427357601002e-15,5.993545528326649e-06,1.860127122370015e-07,3.10.12,2.8.0+cu128,12.8,NVIDIA GeForce RTX 4090
small,1024,1,0.5,524800,0.49951171875,coo,cupy_spsolve,int32,float32,89188.62727781136,885.0073534044191,42.237952,0.0,177729.7407647388,1314.2112536292964,59.03257599999999,7.105427357601002e-15,2.8991147701162845e-05,9.15417314830426e-07,3.10.12,2.8.0+cu128,12.8,NVIDIA GeForce RTX 4090
small,1024,1,0.5,524800,0.49951171875,coo,jax_cg,int32,float32,106257.45027533008,941.8640324405678,42.237952,0.0,220182.09982197732,6341.337060264923,59.036671999999996,7.105427357601002e-15,18.102869033813477,0.555345906429669,3.10.12,2.8.0+cu128,12.8,NVIDIA GeForce RTX 4090
small,1024,1,0.5,524800,0.49951171875,coo,jax_bicgstab,int32,float32,123832.62510411441,3363.4155310820356,42.237952,0.0,233370.8803117689,3220.1738215525424,59.036671999999996,7.105427357601002e-15,0.0002248468663310632,7.077165820986167e-06,3.10.12,2.8.0+cu128,12.8,NVIDIA GeForce RTX 4090
small,1024,1,0.5,524800,0.49951171875,csr,dense.solve,int32,float32,2672.855949236287,2.109049806385119,75.847168,0.0,3534.7131080925465,29.929703788999117,75.847168,0.0,1.193264779431047e-05,3.736037387451746e-07,3.10.12,2.8.0+cu128,12.8,NVIDIA GeForce RTX 4090
small,1024,1,0.5,524800,0.49951171875,csr,sparse_generic_cg,int32,float32,81889.96280659921,183.32568250044716,38.10304000000001,7.105427357601002e-15,162964.87965155393,269.1757281393789,50.66547200000001,7.105427357601002e-15,18.710548400878906,0.5852537091602196,3.10.12,2.8.0+cu128,12.8,NVIDIA GeForce RTX 4090
small,1024,1,0.5,524800,0.49951171875,csr,sparse_generic_bicgstab,int32,float32,942.3888340178463,8.34518037075457,38.102016,0.0,2586.5518901911046,44.50475922302556,50.66547200000001,7.105427357601002e-15,0.0001603369601070881,4.89890862339596e-06,3.10.12,2.8.0+cu128,12.8,NVIDIA GeForce RTX 4090
small,1024,1,0.5,524800,0.49951171875,csr,sparse_generic_minres,int32,float32,77383.19900818169,421.2667515504977,38.130176,0.0,129898.43282848597,337.55943396326285,50.66547200000001,7.105427357601002e-15,2.3789565563201904,0.07269683998036484,3.10.12,2.8.0+cu128,12.8,NVIDIA GeForce RTX 4090
small,1024,1,0.5,524800,0.49951171875,csr,cupy_cg,int32,float32,108636.51731051505,365.9233309191979,38.061056,0.0,206079.4121818617,811.1206430928985,50.65728,0.0,14.707714080810547,0.4629769857555112,3.10.12,2.8.0+cu128,12.8,NVIDIA GeForce RTX 4090
small,1024,1,0.5,524800,0.49951171875,csr,cupy_cgs,int32,float32,1749.3527266196907,14.120521334188902,38.05696,0.0,3925.819508731365,39.96927576714648,50.653184,0.0,7.157462823670357e-05,2.3315917006596085e-06,3.10.12,2.8.0+cu128,12.8,NVIDIA GeForce RTX 4090
small,1024,1,0.5,524800,0.49951171875,csr,cupy_minres,int32,float32,132347.8234000504,1003.7529232952867,38.05696,0.0,251649.08352307975,1711.4710563722838,50.653184,0.0,1.9996395111083984,0.06700472387882656,3.10.12,2.8.0+cu128,12.8,NVIDIA GeForce RTX 4090
small,1024,1,0.5,524800,0.49951171875,csr,cupy_gmres,int32,float32,2001.023721984691,33.295260410177576,38.05696,0.0,4283.7571042279405,23.365168004816805,50.653184,0.0,5.7961183301813435e-06,1.8330040324619848e-07,3.10.12,2.8.0+cu128,12.8,NVIDIA GeForce RTX 4090
small,1024,1,0.5,524800,0.49951171875,csr,cupy_spsolve,int32,float32,86073.82022051347,557.1679912348586,38.05696,0.0,173759.86489932984,412.0157293729339,50.653184,0.0,2.7455651434138417e-05,8.614922861659923e-07,3.10.12,2.8.0+cu128,12.8,NVIDIA GeForce RTX 4090
small,1024,1,0.5,524800,0.49951171875,csr,jax_cg,int32,float32,106384.70384292305,2082.3862457475857,38.05696,0.0,214581.35591819882,2007.048390039592,50.65728,0.0,13.017127990722656,0.40714807933176095,3.10.12,2.8.0+cu128,12.8,NVIDIA GeForce RTX 4090
small,1024,1,0.5,524800,0.49951171875,csr,jax_bicgstab,int32,float32,121864.14997559041,4159.556499579112,38.05696,0.0,232909.81207456853,2115.8583861517955,50.65728,0.0,1.2845594028476626e-05,4.0037450309822523e-07,3.10.12,2.8.0+cu128,12.8,NVIDIA GeForce RTX 4090
small,1024,1,0.5,524800,0.49951171875,coo,dense.solve,int32,float64,5281.466111126873,2.699022397892978,67.45344,0.0,5853.782378835604,49.273723308903094,84.214784,0.0,2.2333292858364535e-14,6.682890491009748e-16,3.10.12,2.8.0+cu128,12.8,NVIDIA GeForce RTX 4090
small,1024,1,0.5,524800,0.49951171875,coo,sparse_generic_cg,int32,float64,98496.26137292944,164.61687081292158,52.83584,0.0,197322.03502725397,441.8435779079216,75.85894399999998,1.4210854715202004e-14,14.84473171945588,0.4673875043064804,3.10.12,2.8.0+cu128,12.8,NVIDIA GeForce RTX 4090
small,1024,1,0.5,524800,0.49951171875,coo,sparse_generic_bicgstab,int32,float64,1247.4276258477144,5.168116627229702,52.843008,0.0,3186.4304037299007,52.44965827577707,75.85894399999998,1.4210854715202004e-14,0.00013427671837023703,4.246980438171711e-06,3.10.12,2.8.0+cu128,12.8,NVIDIA GeForce RTX 4090
small,1024,1,0.5,524800,0.49951171875,coo,sparse_generic_minres,int32,float64,91375.75584463775,384.59942132760426,52.883456,0.0,117370.80885925227,359.4143176999526,75.85894399999998,1.4210854715202004e-14,2.7403425643853883,0.08819763218125046,3.10.12,2.8.0+cu128,12.8,NVIDIA GeForce RTX 4090
small,1024,1,0.5,524800,0.49951171875,coo,cupy_cg,int32,float64,2015942.326746881,451.76706429250714,50.651136,0.0,4007877.7302987874,6364.823464134772,75.84256000000002,1.4210854715202004e-14,13.788106852835131,0.42953741790447586,3.10.12,2.8.0+cu128,12.8,NVIDIA GeForce RTX 4090
small,1024,1,0.5,524800,0.49951171875,coo,cupy_cgs,int32,float64,30071.159155340865,36.490081142488194,50.642944,0.0,56016.52665063739,109.48945201008426,75.83436800000001,1.4210854715202004e-14,6.639777704543736e-05,2.046334227271817e-06,3.10.12,2.8.0+cu128,12.8,NVIDIA GeForce RTX 4090
small,1024,1,0.5,524800,0.49951171875,coo,cupy_minres,int32,float64,1222092.7191277344,984.6017741844789,50.642944,0.0,2458929.8241254357,2346.2317482948915,75.83436800000001,1.4210854715202004e-14,1.823869691382731,0.05997337392738608,3.10.12,2.8.0+cu128,12.8,NVIDIA GeForce RTX 4090
small,1024,1,0.5,524800,0.49951171875,coo,cupy_gmres,int32,float64,43651.88775894543,69.55303681785352,50.642944,0.0,86957.8956044279,117.71942935036427,75.83436800000001,1.4210854715202004e-14,2.253235342739377e-08,6.847550245640521e-10,3.10.12,2.8.0+cu128,12.8,NVIDIA GeForce RTX 4090
small,1024,1,0.5,524800,0.49951171875,coo,cupy_spsolve,int32,float64,97700.25882042116,612.29378847782,50.642944,0.0,198846.60898242146,435.5748321512415,75.83436800000001,1.4210854715202004e-14,4.998267327144425e-14,1.5917596490442916e-15,3.10.12,2.8.0+cu128,12.8,NVIDIA GeForce RTX 4090
small,1024,1,0.5,524800,0.49951171875,coo,jax_cg,int32,float64,125354.16097380221,2055.577153782459,50.642944,0.0,270526.15710999817,1793.2899282934893,75.84256000000002,1.4210854715202004e-14,12.40819156450722,0.38080727778511725,3.10.12,2.8.0+cu128,12.8,NVIDIA GeForce RTX 4090
small,1024,1,0.5,524800,0.49951171875,coo,jax_bicgstab,int32,float64,153801.04185896926,2128.058278697021,50.642944,0.0,285024.1576994045,5445.425134478368,75.84256000000002,1.4210854715202004e-14,0.00027228063787409373,8.632656671713073e-06,3.10.12,2.8.0+cu128,12.8,NVIDIA GeForce RTX 4090
small,1024,1,0.5,524800,0.49951171875,csr,dense.solve,int32,float64,5741.084401961416,1.4267659366304961,88.446464,0.0,6656.9838905707,26.125670120279214,88.446464,0.0,2.4256632578648472e-14,7.660914982863564e-16,3.10.12,2.8.0+cu128,12.8,NVIDIA GeForce RTX 4090
small,1024,1,0.5,524800,0.49951171875,csr,sparse_generic_cg,int32,float64,81436.62232905626,302.3640339725699,46.544896,0.0,162664.97555706237,1908.5598130501248,67.479552,0.0,15.160323879437092,0.4730581964726235,3.10.12,2.8.0+cu128,12.8,NVIDIA GeForce RTX 4090
small,1024,1,0.5,524800,0.49951171875,csr,sparse_generic_bicgstab,int32,float64,1042.8831446915865,5.070249164551437,46.54796799999999,7.105427357601002e-15,2840.86014809353,12.641171692780786,67.479552,0.0,0.0001870985760266271,5.819363363265973e-06,3.10.12,2.8.0+cu128,12.8,NVIDIA GeForce RTX 4090
small,1024,1,0.5,524800,0.49951171875,csr,sparse_generic_minres,int32,float64,66316.34392154713,164.8946458514301,46.592512,0.0,136512.06445259353,215.37187648685307,67.479552,0.0,2.3525001044655247,0.07348367538496486,3.10.12,2.8.0+cu128,12.8,NVIDIA GeForce RTX 4090
small,1024,1,0.5,524800,0.49951171875,csr,cupy_cg,int32,float64,125953.0839872443,671.6097997673129,46.470144,0.0,243432.68314842135,578.8657771978068,67.463168,0.0,15.6957513455583,0.4938379505589726,3.10.12,2.8.0+cu128,12.8,NVIDIA GeForce RTX 4090
small,1024,1,0.5,524800,0.49951171875,csr,cupy_cgs,int32,float64,1736.0540417333443,14.98139261846227,46.461952,0.0,4321.1086303927,23.0707424209657,67.454976,0.0,6.753355766629795e-05,2.115255450307373e-06,3.10.12,2.8.0+cu128,12.8,NVIDIA GeForce RTX 4090
small,1024,1,0.5,524800,0.49951171875,csr,cupy_minres,int32,float64,126171.47990709377,603.9739044351443,46.461952,0.0,258277.0248875022,1331.9060287617624,67.454976,0.0,2.029277953249464,0.06161982458666852,3.10.12,2.8.0+cu128,12.8,NVIDIA GeForce RTX 4090
small,1024,1,0.5,524800,0.49951171875,csr,cupy_gmres,int32,float64,2016.5458845440298,15.359430508231194,46.461952,0.0,4479.588894173503,42.44458775695301,67.454976,0.0,2.5079348464731126e-08,7.791765343798583e-10,3.10.12,2.8.0+cu128,12.8,NVIDIA GeForce RTX 4090
small,1024,1,0.5,524800,0.49951171875,csr,cupy_spsolve,int32,float64,94530.09939170443,339.2692312312118,46.461952,0.0,189919.21134875156,369.39709518114597,67.454976,0.0,5.14402231074125e-14,1.624706070408133e-15,3.10.12,2.8.0+cu128,12.8,NVIDIA GeForce RTX 4090
small,1024,1,0.5,524800,0.49951171875,csr,jax_cg,int32,float64,126553.76603361219,1571.397509105288,46.461952,0.0,266468.6106611043,9552.174670025723,67.463168,0.0,16.555430828938356,0.5250037534232389,3.10.12,2.8.0+cu128,12.8,NVIDIA GeForce RTX 4090
small,1024,1,0.5,524800,0.49951171875,csr,jax_bicgstab,int32,float64,148944.64500765834,2735.4528421941063,46.461952,0.0,285233.54276290373,2842.8905929257335,67.463168,0.0,0.00022054473356360898,6.856705764926738e-06,3.10.12,2.8.0+cu128,12.8,NVIDIA GeForce RTX 4090
small,1024,1,0.5,524800,0.49951171875,coo,dense.solve,int64,float32,1886.261963388986,5.503711899028582,50.65984000000001,7.105427357601002e-15,2455.7215058141282,58.55366879654183,59.04128000000001,7.105427357601002e-15,1.1532909411471337e-05,3.542937312005756e-07,3.10.12,2.8.0+cu128,12.8,NVIDIA GeForce RTX 4090
small,1024,1,0.5,524800,0.49951171875,coo,sparse_generic_cg,int64,float32,99036.90742794424,332.744131329417,44.389888,0.0,198117.64199403115,309.10903230334884,59.044864,0.0,16.243906021118164,0.5001636774055176,3.10.12,2.8.0+cu128,12.8,NVIDIA GeForce RTX 4090
small,1024,1,0.5,524800,0.49951171875,coo,sparse_generic_bicgstab,int64,float32,1248.635429268082,11.384026763873884,44.39296,0.0,3210.2199969813228,56.78569074814821,59.044864,0.0,0.00026380279450677335,7.98646482862609e-06,3.10.12,2.8.0+cu128,12.8,NVIDIA GeForce RTX 4090
small,1024,1,0.5,524800,0.49951171875,coo,sparse_generic_minres,int64,float32,70624.31160981457,183.56029035499876,44.41702399999999,7.105427357601002e-15,139386.82624656294,336.487338481837,59.044864,0.0,2.0960988998413086,0.06519759812451811,3.10.12,2.8.0+cu128,12.8,NVIDIA GeForce RTX 4090
small,1024,1,0.5,524800,0.49951171875,coo,cupy_cg,int64,float32,1986449.103616178,1630.9705058328718,42.242048,0.0,3940515.2062885463,2669.643752358162,59.036671999999996,7.105427357601002e-15,15.289952278137207,0.47609032909898485,3.10.12,2.8.0+cu128,12.8,NVIDIA GeForce RTX 4090
small,1024,1,0.5,524800,0.49951171875,coo,cupy_cgs,int64,float32,25906.372246228988,47.96695019007535,42.237952,0.0,55602.14726720005,162.68434286093526,59.03257599999999,7.105427357601002e-15,0.00021011238277424127,6.480771426604712e-06,3.10.12,2.8.0+cu128,12.8,NVIDIA GeForce RTX 4090
small,1024,1,0.5,524800,0.49951171875,coo,cupy_minres,int64,float32,1196862.7812573686,1087.703034950938,42.237952,0.0,2404470.956977457,1617.203725418799,59.03257599999999,7.105427357601002e-15,1.8649011850357056,0.05961585392993983,3.10.12,2.8.0+cu128,12.8,NVIDIA GeForce RTX 4090
small,1024,1,0.5,524800,0.49951171875,coo,cupy_gmres,int64,float32,42804.760677326056,42.16460192449586,42.237952,0.0,85319.61843837053,182.47431534721474,59.03257599999999,7.105427357601002e-15,1.0165139428863768e-05,3.119959187553069e-07,3.10.12,2.8.0+cu128,12.8,NVIDIA GeForce RTX 4090
small,1024,1,0.5,524800,0.49951171875,coo,cupy_spsolve,int64,float32,87739.97213575058,134.42763285337054,42.237952,0.0,178595.7015429934,811.4597162304409,59.03257599999999,7.105427357601002e-15,2.540842251619324e-05,8.023733799215476e-07,3.10.12,2.8.0+cu128,12.8,NVIDIA GeForce RTX 4090
small,1024,1,0.5,524800,0.49951171875,coo,jax_cg,int64,float32,107109.07091076176,1123.1551888503043,42.237952,0.0,218141.05429220945,4386.00685100004,59.036671999999996,7.105427357601002e-15,14.424379348754883,0.44843075040188135,3.10.12,2.8.0+cu128,12.8,NVIDIA GeForce RTX 4090
small,1024,1,0.5,524800,0.49951171875,coo,jax_bicgstab,int64,float32,124067.29374197312,2813.362659027916,42.237952,0.0,232812.38300842233,2698.6495035537823,59.036671999999996,7.105427357601002e-15,0.0001554753544041887,4.961869049500639e-06,3.10.12,2.8.0+cu128,12.8,NVIDIA GeForce RTX 4090
small,1024,1,0.5,524800,0.49951171875,csr,dense.solve,int64,float32,2676.3392612338066,3.534087224517455,75.847168,0.0,3526.0163946077228,33.21591383983884,75.847168,0.0,1.1735652151401155e-05,3.748635793139013e-07,3.10.12,2.8.0+cu128,12.8,NVIDIA GeForce RTX 4090
small,1024,1,0.5,524800,0.49951171875,csr,sparse_generic_cg,int64,float32,82236.45658128792,182.43045913444206,38.10304000000001,7.105427357601002e-15,162964.32248782367,490.64112624061715,50.66547200000001,7.105427357601002e-15,12.23309326171875,0.37087016689916175,3.10.12,2.8.0+cu128,12.8,NVIDIA GeForce RTX 4090
small,1024,1,0.5,524800,0.49951171875,csr,sparse_generic_bicgstab,int64,float32,1017.5631323363632,4.48870962325497,38.102016,0.0,2635.5183735075925,48.93197453332725,50.66547200000001,7.105427357601002e-15,7.50846738810651e-05,2.43956071909704e-06,3.10.12,2.8.0+cu128,12.8,NVIDIA GeForce RTX 4090
small,1024,1,0.5,524800,0.49951171875,csr,sparse_generic_minres,int64,float32,76449.52160771936,389.4034761500439,38.130176,0.0,151786.7028946057,493.96243575035135,50.66547200000001,7.105427357601002e-15,2.301278591156006,0.07286503394639357,3.10.12,2.8.0+cu128,12.8,NVIDIA GeForce RTX 4090
small,1024,1,0.5,524800,0.49951171875,csr,cupy_cg,int64,float32,109680.02297782472,187.48096963062122,38.061056,0.0,207361.80818639696,960.4962792587386,50.65728,0.0,16.663103103637695,0.5114751735397376,3.10.12,2.8.0+cu128,12.8,NVIDIA GeForce RTX 4090
small,1024,1,0.5,524800,0.49951171875,csr,cupy_cgs,int64,float32,1583.534215266506,9.364785537464673,38.05696,0.0,3571.5574049390852,49.53033524789774,50.653184,0.0,0.00019844440976157784,6.354587952321369e-06,3.10.12,2.8.0+cu128,12.8,NVIDIA GeForce RTX 4090
small,1024,1,0.5,524800,0.49951171875,csr,cupy_minres,int64,float32,125789.08933533562,428.9708879477236,38.05696,0.0,254977.7698935941,954.0246343043506,50.653184,0.0,1.9261932373046875,0.06142893752597734,3.10.12,2.8.0+cu128,12.8,NVIDIA GeForce RTX 4090
small,1024,1,0.5,524800,0.49951171875,csr,cupy_gmres,int64,float32,2013.919409364462,14.576203908637165,38.05696,0.0,4262.768692569807,43.506429987291426,50.653184,0.0,1.082824201148469e-05,3.346724285325124e-07,3.10.12,2.8.0+cu128,12.8,NVIDIA GeForce RTX 4090
small,1024,1,0.5,524800,0.49951171875,csr,cupy_spsolve,int64,float32,85328.88358458877,347.4591307746294,38.05696,0.0,172921.53369635344,1081.2049004032895,50.653184,0.0,2.6073603294207714e-05,8.48230585117787e-07,3.10.12,2.8.0+cu128,12.8,NVIDIA GeForce RTX 4090
small,1024,1,0.5,524800,0.49951171875,csr,jax_cg,int64,float32,107638.07558558053,1357.4472710703344,38.05696,0.0,219678.76178678125,8108.421122770231,50.65728,0.0,13.806669235229492,0.43105436796006324,3.10.12,2.8.0+cu128,12.8,NVIDIA GeForce RTX 4090
small,1024,1,0.5,524800,0.49951171875,csr,jax_bicgstab,int64,float32,125248.27279978328,2437.0502155728655,38.05696,0.0,236862.68739402294,1239.0914767965628,50.65728,0.0,0.0001188367823488079,3.780051047109947e-06,3.10.12,2.8.0+cu128,12.8,NVIDIA GeForce RTX 4090
small,1024,1,0.5,524800,0.49951171875,coo,dense.solve,int64,float64,5281.526502221823,3.7687936133326585,67.45344,0.0,5753.306361536185,69.41122489498166,84.214784,0.0,2.352025918627516e-14,7.221528316147318e-16,3.10.12,2.8.0+cu128,12.8,NVIDIA GeForce RTX 4090
small,1024,1,0.5,524800,0.49951171875,coo,sparse_generic_cg,int64,float64,98796.74424882978,403.7786535061115,52.83584,0.0,198199.53833292756,1805.4254531681754,75.85894399999998,1.4210854715202004e-14,13.302292559934198,0.4092551198476208,3.10.12,2.8.0+cu128,12.8,NVIDIA GeForce RTX 4090
small,1024,1,0.5,524800,0.49951171875,coo,sparse_generic_bicgstab,int64,float64,1329.0385250002146,18.301210838038006,52.843008,0.0,3314.998156080643,33.996918776166446,75.85894399999998,1.4210854715202004e-14,0.0002226063339889849,7.121583416945073e-06,3.10.12,2.8.0+cu128,12.8,NVIDIA GeForce RTX 4090
small,1024,1,0.5,524800,0.49951171875,coo,sparse_generic_minres,int64,float64,78418.63805827286,93.22793786060546,52.883456,0.0,160993.60471125692,612.5990694071633,75.85894399999998,1.4210854715202004e-14,2.3109553598075787,0.07249618729539518,3.10.12,2.8.0+cu128,12.8,NVIDIA GeForce RTX 4090
small,1024,1,0.5,524800,0.49951171875,coo,cupy_cg,int64,float64,2021774.3032379076,1666.3051353276,50.651136,0.0,4011281.737545505,4271.802281874043,75.84256000000002,1.4210854715202004e-14,21.188032649634817,0.6740487373483549,3.10.12,2.8.0+cu128,12.8,NVIDIA GeForce RTX 4090
small,1024,1,0.5,524800,0.49951171875,coo,cupy_cgs,int64,float64,34007.6608893772,63.85717745801834,50.642944,0.0,63875.97087046338,280.1715175905983,75.83436800000001,1.4210854715202004e-14,3.121171823750404e-05,9.796151303354053e-07,3.10.12,2.8.0+cu128,12.8,NVIDIA GeForce RTX 4090
small,1024,1,0.5,524800,0.49951171875,coo,cupy_minres,int64,float64,1253015.8263631165,2203.322801392938,50.642944,0.0,2598184.4443304,1248.7736518002623,75.83436800000001,1.4210854715202004e-14,2.0831684919643347,0.06405725771834782,3.10.12,2.8.0+cu128,12.8,NVIDIA GeForce RTX 4090
small,1024,1,0.5,524800,0.49951171875,coo,cupy_gmres,int64,float64,43778.092972934246,142.90048259540578,50.642944,0.0,87140.68867266178,218.57051484059548,75.83436800000001,1.4210854715202004e-14,2.1147492330732655e-08,6.613615800609338e-10,3.10.12,2.8.0+cu128,12.8,NVIDIA GeForce RTX 4090
small,1024,1,0.5,524800,0.49951171875,coo,cupy_spsolve,int64,float64,97204.5717191779,484.2166217307281,50.642944,0.0,196864.03422383592,577.5473748926598,75.83436800000001,1.4210854715202004e-14,5.4786392138644846e-14,1.722071308526918e-15,3.10.12,2.8.0+cu128,12.8,NVIDIA GeForce RTX 4090
small,1024,1,0.5,524800,0.49951171875,coo,jax_cg,int64,float64,126633.49921349436,764.4742803172188,50.642944,0.0,268426.88410542905,3626.7811530484646,75.84256000000002,1.4210854715202004e-14,15.556936227063284,0.4789675212562205,3.10.12,2.8.0+cu128,12.8,NVIDIA GeForce RTX 4090
small,1024,1,0.5,524800,0.49951171875,coo,jax_bicgstab,int64,float64,153183.09681024402,4777.207266664771,50.642944,0.0,294904.52611611946,3250.557627912241,75.84256000000002,1.4210854715202004e-14,0.00012883500389884782,4.1019422806158985e-06,3.10.12,2.8.0+cu128,12.8,NVIDIA GeForce RTX 4090
small,1024,1,0.5,524800,0.49951171875,csr,dense.solve,int64,float64,5742.6875457167625,2.88061941672365,88.446464,0.0,6658.954662270844,12.646060076512992,88.446464,0.0,2.3804772788703732e-14,7.37022625946763e-16,3.10.12,2.8.0+cu128,12.8,NVIDIA GeForce RTX 4090
small,1024,1,0.5,524800,0.49951171875,csr,sparse_generic_cg,int64,float64,81468.78129336983,349.770553172308,46.544896,0.0,161877.54299284684,557.9284034672829,67.479552,0.0,13.583521840397449,0.4331603804488555,3.10.12,2.8.0+cu128,12.8,NVIDIA GeForce RTX 4090
small,1024,1,0.5,524800,0.49951171875,csr,sparse_generic_bicgstab,int64,float64,987.1176702694761,8.142743711696156,46.54796799999999,7.105427357601002e-15,2663.657860830426,61.983310620309894,67.479552,0.0,0.0003068138485825671,9.368343448143825e-06,3.10.12,2.8.0+cu128,12.8,NVIDIA GeForce RTX 4090
small,1024,1,0.5,524800,0.49951171875,csr,sparse_generic_minres,int64,float64,17511.221011065776,71.16420677019902,46.592512,0.0,39756.28277597328,132.4224577505696,67.479552,0.0,1.3801120319909985,0.04173039355465418,3.10.12,2.8.0+cu128,12.8,NVIDIA GeForce RTX 4090
small,1024,1,0.5,524800,0.49951171875,csr,cupy_cg,int64,float64,127536.47041972727,724.3426690482472,46.470144,0.0,244657.38681610674,859.249419337531,67.463168,0.0,17.85678593124665,0.5626391793712625,3.10.12,2.8.0+cu128,12.8,NVIDIA GeForce RTX 4090
small,1024,1,0.5,524800,0.49951171875,csr,cupy_cgs,int64,float64,1780.5111419875175,31.52953175357388,46.461952,0.0,3990.9452199935913,34.38615362336163,67.454976,0.0,0.0001700552978211355,5.3304573679935045e-06,3.10.12,2.8.0+cu128,12.8,NVIDIA GeForce RTX 4090
small,1024,1,0.5,524800,0.49951171875,csr,cupy_minres,int64,float64,127587.97782007605,944.4530747991851,46.461952,0.0,250432.969433152,384.8319316375942,67.454976,0.0,2.0260580106902166,0.06469447919917308,3.10.12,2.8.0+cu128,12.8,NVIDIA GeForce RTX 4090
small,1024,1,0.5,524800,0.49951171875,csr,cupy_gmres,int64,float64,2034.4505901448429,8.578152173020666,46.461952,0.0,4577.744461130351,56.07550497606836,67.454976,0.0,2.411648619094193e-08,7.557679173895146e-10,3.10.12,2.8.0+cu128,12.8,NVIDIA GeForce RTX 4090
small,1024,1,0.5,524800,0.49951171875,csr,cupy_spsolve,int64,float64,93735.02190121346,231.76551019774558,46.461952,0.0,191624.04035321542,864.6718388804633,67.454976,0.0,5.414974279604696e-14,1.63412272638397e-15,3.10.12,2.8.0+cu128,12.8,NVIDIA GeForce RTX 4090
small,1024,1,0.5,524800,0.49951171875,csr,jax_cg,int64,float64,130458.4288607455,808.2224883450207,46.461952,0.0,275026.41559112817,11498.97021635159,67.463168,0.0,13.764085447465545,0.4138824485134499,3.10.12,2.8.0+cu128,12.8,NVIDIA GeForce RTX 4090
small,1024,1,0.5,524800,0.49951171875,csr,jax_bicgstab,int64,float64,151978.03385090083,5279.991240974214,46.461952,0.0,291390.5986222542,4307.601972493,67.463168,0.0,0.0003055934418223311,9.18987089788028e-06,3.10.12,2.8.0+cu128,12.8,NVIDIA GeForce RTX 4090
medium,4096,1,0.7,5036032,0.6998291015625,coo,dense.solve,int32,float32,12139.670760370791,6.852277668949121,419.9802879999999,5.684341886080802e-14,13244.600617326796,185.985029463762,554.116096,0.0,1.8674634702620097e-05,2.883245121769493e-07,3.10.12,2.8.0+cu128,12.8,NVIDIA GeForce RTX 4090
medium,4096,1,0.7,5036032,0.6998291015625,coo,sparse_generic_cg,int32,float32,192847.9366702959,250.76693198899451,305.988096,0.0,382876.03229077323,950.3422865035689,447.669248,0.0,13.42355728149414,0.21082886800234765,3.10.12,2.8.0+cu128,12.8,NVIDIA GeForce RTX 4090
medium,4096,1,0.7,5036032,0.6998291015625,coo,sparse_generic_bicgstab,int32,float32,3675.7387220859528,5.455759563756451,306.003456,0.0,6336.6614922415465,14.807184944923899,447.669248,0.0,0.0002761265786830336,4.37147560732744e-06,3.10.12,2.8.0+cu128,12.8,NVIDIA GeForce RTX 4090
medium,4096,1,0.7,5036032,0.6998291015625,coo,sparse_generic_minres,int32,float32,123691.3636740711,20.403271494909973,306.07667200000003,5.684341886080802e-14,240939.09734963544,146.06252076309195,447.669248,0.0,2.3968021869659424,0.037992300072911954,3.10.12,2.8.0+cu128,12.8,NVIDIA GeForce RTX 4090
medium,4096,1,0.7,5036032,0.6998291015625,coo,cupy_cg,int32,float32,11903298.51054897,1186.156032543969,285.65504,0.0,23799764.899769794,22910.17256845551,447.63648,0.0,13.420039176940918,0.21168403842174394,3.10.12,2.8.0+cu128,12.8,NVIDIA GeForce RTX 4090
medium,4096,1,0.7,5036032,0.6998291015625,coo,cupy_cgs,int32,float32,157822.73697550409,90.29597681631007,285.638656,0.0,289471.38025735813,210.89641267056805,447.620096,0.0,0.00012928212527185678,2.0436573236353072e-06,3.10.12,2.8.0+cu128,12.8,NVIDIA GeForce RTX 4090
medium,4096,1,0.7,5036032,0.6998291015625,coo,cupy_minres,int32,float32,5143806.458088673,984.5983858347894,285.638656,0.0,10466272.25074917,1970.7838273596471,447.620096,0.0,1.9260125160217285,0.03072533136405972,3.10.12,2.8.0+cu128,12.8,NVIDIA GeForce RTX 4090
medium,4096,1,0.7,5036032,0.6998291015625,coo,cupy_gmres,int32,float32,264951.71731803566,342.66479798987865,285.638656,0.0,526585.5671314057,567.1758279838211,447.620096,0.0,1.1796689250331838e-05,1.8529420441014134e-07,3.10.12,2.8.0+cu128,12.8,NVIDIA GeForce RTX 4090
medium,4096,1,0.7,5036032,0.6998291015625,coo,cupy_spsolve,int32,float32,1215784.161631018,5955.164093455549,285.638656,0.0,2455691.606993787,21765.513072396643,447.620096,0.0,9.953098924597725e-05,1.548286318936444e-06,3.10.12,2.8.0+cu128,12.8,NVIDIA GeForce RTX 4090
medium,4096,1,0.7,5036032,0.6998291015625,coo,jax_cg,int32,float32,169907.14026615024,785.6045089326977,285.638656,0.0,352499.0343139507,2221.659188918083,447.63648,0.0,12.844474792480469,0.20527816543577673,3.10.12,2.8.0+cu128,12.8,NVIDIA GeForce RTX 4090
medium,4096,1,0.7,5036032,0.6998291015625,coo,jax_bicgstab,int32,float32,130968.78499103089,3402.8779480720286,285.638656,0.0,245228.47912739962,3860.1735518125533,447.63648,0.0,9.698673238744959e-05,1.507911577670456e-06,3.10.12,2.8.0+cu128,12.8,NVIDIA GeForce RTX 4090
medium,4096,1,0.7,5036032,0.6998291015625,csr,dense.solve,int32,float32,13544.696802273393,202.3926123486,634.8651520000001,1.1368683772161603e-13,15853.453380987048,37.96411966581941,634.8651520000001,1.1368683772161603e-13,1.7579261111677624e-05,2.7703475731054984e-07,3.10.12,2.8.0+cu128,12.8,NVIDIA GeForce RTX 4090
medium,4096,1,0.7,5036032,0.6998291015625,csr,sparse_generic_cg,int32,float32,93255.24552259594,1638.4108720594384,245.608448,0.0,192014.4529495802,1650.5696150235306,367.1592959999999,5.684341886080802e-14,15.072678565979004,0.24083208042567023,3.10.12,2.8.0+cu128,12.8,NVIDIA GeForce RTX 4090
medium,4096,1,0.7,5036032,0.6998291015625,csr,sparse_generic_bicgstab,int32,float32,1104.2473604902625,9.812563180660607,245.60742399999998,2.842170943040401e-14,2924.58962649107,55.0257771634221,367.1592959999999,5.684341886080802e-14,0.00024524846230633557,3.7862915631218885e-06,3.10.12,2.8.0+cu128,12.8,NVIDIA GeForce RTX 4090
medium,4096,1,0.7,5036032,0.6998291015625,csr,sparse_generic_minres,int32,float32,65508.26328910059,275.1573142044683,245.697024,0.0,124664.28558238679,450.78390855260494,367.1592959999999,5.684341886080802e-14,2.6093881130218506,0.04025815662154102,3.10.12,2.8.0+cu128,12.8,NVIDIA GeForce RTX 4090
medium,4096,1,0.7,5036032,0.6998291015625,csr,cupy_cg,int32,float32,109814.76998422295,1624.7411401020809,245.43334399999998,2.842170943040401e-14,206805.7370139286,1045.5607412947622,367.12652799999995,5.684341886080802e-14,11.6903657913208,0.18219027716642613,3.10.12,2.8.0+cu128,12.8,NVIDIA GeForce RTX 4090
medium,4096,1,0.7,5036032,0.6998291015625,csr,cupy_cgs,int32,float32,1553.3717297431494,15.865058590188962,245.41695999999996,2.842170943040401e-14,3722.6675311103463,59.30081905736636,367.11014400000005,5.684341886080802e-14,3.281695899204351e-05,5.179114332613339e-07,3.10.12,2.8.0+cu128,12.8,NVIDIA GeForce RTX 4090
medium,4096,1,0.7,5036032,0.6998291015625,csr,cupy_minres,int32,float32,98956.93298636211,375.93601900403974,245.41695999999996,2.842170943040401e-14,193796.06004804373,820.4547716577795,367.11014400000005,5.684341886080802e-14,2.249484062194824,0.03536234108081417,3.10.12,2.8.0+cu128,12.8,NVIDIA GeForce RTX 4090
medium,4096,1,0.7,5036032,0.6998291015625,csr,cupy_gmres,int32,float32,2003.9862332244713,31.91731043495899,245.41695999999996,2.842170943040401e-14,4411.889496259391,33.742693366737264,367.11014400000005,5.684341886080802e-14,1.48002272908343e-05,2.3552782737893152e-07,3.10.12,2.8.0+cu128,12.8,NVIDIA GeForce RTX 4090
medium,4096,1,0.7,5036032,0.6998291015625,csr,cupy_spsolve,int32,float32,1211682.1366129443,7282.881356395643,245.41695999999996,2.842170943040401e-14,2430128.6426139995,32804.205989828064,367.11014400000005,5.684341886080802e-14,9.918001887854189e-05,1.5466513197259516e-06,3.10.12,2.8.0+cu128,12.8,NVIDIA GeForce RTX 4090
medium,4096,1,0.7,5036032,0.6998291015625,csr,jax_cg,int32,float32,138351.93729028106,1421.5763168577892,245.41695999999996,2.842170943040401e-14,329361.05605525273,1074.7873728523405,367.12652799999995,5.684341886080802e-14,13.851490020751953,0.21778494207422017,3.10.12,2.8.0+cu128,12.8,NVIDIA GeForce RTX 4090
medium,4096,1,0.7,5036032,0.6998291015625,csr,jax_bicgstab,int32,float32,130564.4906177703,3175.3891444633628,245.41695999999996,2.842170943040401e-14,244911.22050676495,2622.018353339153,367.12652799999995,5.684341886080802e-14,0.00028704205760732293,4.449490258805188e-06,3.10.12,2.8.0+cu128,12.8,NVIDIA GeForce RTX 4090
medium,4096,1,0.7,5036032,0.6998291015625,coo,dense.solve,int32,float64,61064.91961205999,5.974028275318235,661.660672,0.0,64196.99944348799,16.265217472225025,930.0224000000001,1.1368683772161603e-13,3.3521735928550844e-14,5.242334624068107e-16,3.10.12,2.8.0+cu128,12.8,NVIDIA GeForce RTX 4090
medium,4096,1,0.7,5036032,0.6998291015625,coo,sparse_generic_cg,int32,float64,225053.96124906838,594.9982810221419,413.598208,0.0,448195.09414955974,526.3387990007235,634.9137920000001,1.1368683772161603e-13,11.240622227126666,0.17559280674588493,3.10.12,2.8.0+cu128,12.8,NVIDIA GeForce RTX 4090
medium,4096,1,0.7,5036032,0.6998291015625,coo,sparse_generic_bicgstab,int32,float64,3669.4312235340476,5.8336788373913055,413.62995200000006,5.684341886080802e-14,6822.073203511536,36.511653748713115,634.9137920000001,1.1368683772161603e-13,0.00018038568843056635,2.775209488393546e-06,3.10.12,2.8.0+cu128,12.8,NVIDIA GeForce RTX 4090
medium,4096,1,0.7,5036032,0.6998291015625,coo,sparse_generic_minres,int32,float64,156263.07944249775,74.08977903604733,413.76870399999996,5.684341886080802e-14,280564.11010523635,100.6660753936418,634.9137920000001,1.1368683772161603e-13,2.4990558818529824,0.03961499561236838,3.10.12,2.8.0+cu128,12.8,NVIDIA GeForce RTX 4090
medium,4096,1,0.7,5036032,0.6998291015625,coo,cupy_cg,int32,float64,12163515.84091317,5555.398919349017,393.1176960000001,5.684341886080802e-14,24303417.946289606,3560.3220718778457,634.848256,0.0,12.276345262382712,0.19561284880680113,3.10.12,2.8.0+cu128,12.8,NVIDIA GeForce RTX 4090
medium,4096,1,0.7,5036032,0.6998291015625,coo,cupy_cgs,int32,float64,165052.83645819873,428.42181012746465,393.08492800000005,5.684341886080802e-14,323017.41933915764,635.7660724402389,634.815488,0.0,2.5593932166191615e-05,4.045664269318383e-07,3.10.12,2.8.0+cu128,12.8,NVIDIA GeForce RTX 4090
medium,4096,1,0.7,5036032,0.6998291015625,coo,cupy_minres,int32,float64,5299878.166127019,1678.812906440369,393.08492800000005,5.684341886080802e-14,10559172.663087439,2696.87451503777,634.815488,0.0,1.9720267205514572,0.03068944563088691,3.10.12,2.8.0+cu128,12.8,NVIDIA GeForce RTX 4090
medium,4096,1,0.7,5036032,0.6998291015625,coo,cupy_gmres,int32,float64,273571.5369021313,157.63593084337205,393.08492800000005,5.684341886080802e-14,541368.3027598179,413.7923253313356,634.815488,0.0,3.9943271349790663e-10,6.267965968300226e-12,3.10.12,2.8.0+cu128,12.8,NVIDIA GeForce RTX 4090
medium,4096,1,0.7,5036032,0.6998291015625,coo,cupy_spsolve,int32,float64,1361999.6023189742,7428.2085810696935,393.08492800000005,5.684341886080802e-14,2753978.1130850315,53012.26919562279,634.815488,0.0,1.9284910210272898e-13,3.0079911015469913e-15,3.10.12,2.8.0+cu128,12.8,NVIDIA GeForce RTX 4090
medium,4096,1,0.7,5036032,0.6998291015625,coo,jax_cg,int32,float64,220558.9081471165,1459.5448819009764,393.08492800000005,5.684341886080802e-14,481682.1788903326,5264.297228327873,634.848256,0.0,15.632002920182988,0.24940707895617029,3.10.12,2.8.0+cu128,12.8,NVIDIA GeForce RTX 4090
medium,4096,1,0.7,5036032,0.6998291015625,coo,jax_bicgstab,int32,float64,157989.09165379073,3826.7703347663364,393.08492800000005,5.684341886080802e-14,302781.55957866047,4361.8134318436005,634.848256,0.0,0.0001922464889803217,2.976091662849452e-06,3.10.12,2.8.0+cu128,12.8,NVIDIA GeForce RTX 4090
medium,4096,1,0.7,5036032,0.6998291015625,csr,dense.solve,int32,float64,62933.55112429708,4.1555058821583115,809.420288,0.0,67660.07428523153,46.28208898235861,889.817088,0.0,3.465050786594198e-14,5.365538753424645e-16,3.10.12,2.8.0+cu128,12.8,NVIDIA GeForce RTX 4090
medium,4096,1,0.7,5036032,0.6998291015625,csr,sparse_generic_cg,int32,float64,129703.62722666727,367.6928559974571,353.20217599999995,5.684341886080802e-14,257149.97954977056,243.09537240767844,554.40384,0.0,13.401706005372592,0.21058411037965344,3.10.12,2.8.0+cu128,12.8,NVIDIA GeForce RTX 4090
medium,4096,1,0.7,5036032,0.6998291015625,csr,sparse_generic_bicgstab,int32,float64,1526.5667461790144,4.206161509081255,353.201152,0.0,5388.3998189121485,2638.179159749201,554.40384,0.0,0.00021583042549174695,3.3703097341130104e-06,3.10.12,2.8.0+cu128,12.8,NVIDIA GeForce RTX 4090
medium,4096,1,0.7,5036032,0.6998291015625,csr,sparse_generic_minres,int32,float64,79409.4153912738,125.74102521587014,353.372672,0.0,153666.7346372269,73.9569503006558,554.40384,0.0,2.416620884092934,0.03778035451642519,3.10.12,2.8.0+cu128,12.8,NVIDIA GeForce RTX 4090
medium,4096,1,0.7,5036032,0.6998291015625,csr,cupy_cg,int32,float64,158746.9899095595,637.1202243943908,352.8960000000001,5.684341886080802e-14,309245.5201083794,780.607898886263,554.338304,0.0,14.344027113316832,0.22531997912336152,3.10.12,2.8.0+cu128,12.8,NVIDIA GeForce RTX 4090
medium,4096,1,0.7,5036032,0.6998291015625,csr,cupy_cgs,int32,float64,1526.2644737958908,17.146601385129262,352.86323200000004,5.684341886080802e-14,3927.16689966619,36.282514394108084,554.305536,0.0,0.00020576820483287112,3.2003452864845294e-06,3.10.12,2.8.0+cu128,12.8,NVIDIA GeForce RTX 4090
medium,4096,1,0.7,5036032,0.6998291015625,csr,cupy_minres,int32,float64,106130.18912928445,259.47828924123814,352.86323200000004,5.684341886080802e-14,205533.8138145291,1075.2094875594544,554.305536,0.0,2.018965455504068,0.03159722066381427,3.10.12,2.8.0+cu128,12.8,NVIDIA GeForce RTX 4090
medium,4096,1,0.7,5036032,0.6998291015625,csr,cupy_gmres,int32,float64,2981.1906279064715,8.547945798913604,352.86323200000004,5.684341886080802e-14,6747.11789470166,35.182452088065176,554.305536,0.0,3.837243636630326e-10,6.013274194218668e-12,3.10.12,2.8.0+cu128,12.8,NVIDIA GeForce RTX 4090
medium,4096,1,0.7,5036032,0.6998291015625,csr,cupy_spsolve,int32,float64,1352538.574906066,5115.7800690837375,352.86323200000004,5.684341886080802e-14,2702339.051378658,10000.742437369783,554.305536,0.0,1.8729886245054892e-13,2.9011474513618724e-15,3.10.12,2.8.0+cu128,12.8,NVIDIA GeForce RTX 4090
medium,4096,1,0.7,5036032,0.6998291015625,csr,jax_cg,int32,float64,190908.68523344398,1567.5590473136592,352.86323200000004,5.684341886080802e-14,419682.6026018243,1990.258143985478,554.338304,0.0,11.91984131366805,0.18877841905639653,3.10.12,2.8.0+cu128,12.8,NVIDIA GeForce RTX 4090
medium,4096,1,0.7,5036032,0.6998291015625,csr,jax_bicgstab,int32,float64,154839.58050608635,4559.440791659887,352.86323200000004,5.684341886080802e-14,297177.7013089094,3153.3489609557837,554.338304,0.0,0.0001683862641212561,2.5674860521736064e-06,3.10.12,2.8.0+cu128,12.8,NVIDIA GeForce RTX 4090
medium,4096,1,0.7,5036032,0.6998291015625,coo,dense.solve,int64,float32,12249.564309604466,5.162029960903232,420.004864,0.0,13685.703018887176,41.86589555733145,554.1406719999999,1.1368683772161603e-13,1.8035829270957038e-05,2.85078103602461e-07,3.10.12,2.8.0+cu128,12.8,NVIDIA GeForce RTX 4090
medium,4096,1,0.7,5036032,0.6998291015625,coo,sparse_generic_cg,int64,float32,192833.52221827954,247.76651789172294,305.988096,0.0,384616.7280105874,461.5016498673752,448.49664,0.0,12.478363037109375,0.1986489485134948,3.10.12,2.8.0+cu128,12.8,NVIDIA GeForce RTX 4090
medium,4096,1,0.7,5036032,0.6998291015625,coo,sparse_generic_bicgstab,int64,float32,3354.7476050443947,5.948867150835037,306.003456,0.0,6203.586515039206,181.63326798072018,448.49664,0.0,0.00047315371921285987,7.445591341866971e-06,3.10.12,2.8.0+cu128,12.8,NVIDIA GeForce RTX 4090
medium,4096,1,0.7,5036032,0.6998291015625,coo,sparse_generic_minres,int64,float32,115924.69483730383,46.85325950369659,306.07667200000003,5.684341886080802e-14,153226.257301867,117.16796209348719,448.49664,0.0,2.3149125576019287,0.03671363905504616,3.10.12,2.8.0+cu128,12.8,NVIDIA GeForce RTX 4090
medium,4096,1,0.7,5036032,0.6998291015625,coo,cupy_cg,int64,float32,11897411.325806752,1092.7742568891517,285.65504,0.0,23773300.379212014,4030.559399389433,448.463872,0.0,14.686501502990723,0.22393546585470891,3.10.12,2.8.0+cu128,12.8,NVIDIA GeForce RTX 4090
medium,4096,1,0.7,5036032,0.6998291015625,coo,cupy_cgs,int64,float32,157316.59837183543,68.96873642122765,285.638656,0.0,288649.17720461055,210.0624028979838,448.44748799999996,5.684341886080802e-14,3.230412403354421e-05,5.138946546766714e-07,3.10.12,2.8.0+cu128,12.8,NVIDIA GeForce RTX 4090
medium,4096,1,0.7,5036032,0.6998291015625,coo,cupy_minres,int64,float32,5406129.989643685,1178.4184315404757,285.638656,0.0,10761932.51737277,3760.2057042510814,448.44748799999996,5.684341886080802e-14,2.1409013271331787,0.03336430459617871,3.10.12,2.8.0+cu128,12.8,NVIDIA GeForce RTX 4090
medium,4096,1,0.7,5036032,0.6998291015625,coo,cupy_gmres,int64,float32,264232.62486544746,234.69631124150612,285.638656,0.0,525535.9037255403,235.7799385643721,448.44748799999996,5.684341886080802e-14,1.1004251973645296e-05,1.6963219600141745e-07,3.10.12,2.8.0+cu128,12.8,NVIDIA GeForce RTX 4090
medium,4096,1,0.7,5036032,0.6998291015625,coo,cupy_spsolve,int64,float32,1232795.9021320567,9571.936398845955,285.638656,0.0,2459578.0046191067,17385.76562653824,448.44748799999996,5.684341886080802e-14,0.00010175937495660037,1.603121769482851e-06,3.10.12,2.8.0+cu128,12.8,NVIDIA GeForce RTX 4090
medium,4096,1,0.7,5036032,0.6998291015625,coo,jax_cg,int64,float32,171973.40274126164,731.2697914504593,285.638656,0.0,360054.77018188685,8687.258283281213,448.463872,0.0,14.083709716796875,0.2165892248157153,3.10.12,2.8.0+cu128,12.8,NVIDIA GeForce RTX 4090
medium,4096,1,0.7,5036032,0.6998291015625,coo,jax_bicgstab,int64,float32,136173.61697833985,2649.826855291885,285.638656,0.0,247208.3861551558,1310.8810121233457,448.463872,0.0,0.00026314795832149684,4.150383350337966e-06,3.10.12,2.8.0+cu128,12.8,NVIDIA GeForce RTX 4090
medium,4096,1,0.7,5036032,0.6998291015625,csr,dense.solve,int64,float32,13421.300012851134,212.24684103796955,634.8651520000001,1.1368683772161603e-13,15771.646896610036,15.723183822338772,634.8651520000001,1.1368683772161603e-13,1.8536373318056576e-05,2.897242406312345e-07,3.10.12,2.8.0+cu128,12.8,NVIDIA GeForce RTX 4090
medium,4096,1,0.7,5036032,0.6998291015625,csr,sparse_generic_cg,int64,float32,97673.36997902021,120.20215507918807,245.608448,0.0,193796.32216878235,596.027128459063,367.986688,0.0,15.18032169342041,0.23740744556684906,3.10.12,2.8.0+cu128,12.8,NVIDIA GeForce RTX 4090
medium,4096,1,0.7,5036032,0.6998291015625,csr,sparse_generic_bicgstab,int64,float32,1233.2115089520812,69.75619632668659,245.60742399999998,2.842170943040401e-14,2968.3467466384172,89.67856775875217,367.986688,0.0,9.440837311558425e-05,1.4554072233487518e-06,3.10.12,2.8.0+cu128,12.8,NVIDIA GeForce RTX 4090
medium,4096,1,0.7,5036032,0.6998291015625,csr,sparse_generic_minres,int64,float32,17718.68709474802,113.10348485007982,245.697024,0.0,72944.25389005078,220.32635213294023,367.986688,0.0,1.550022840499878,0.024331470799122717,3.10.12,2.8.0+cu128,12.8,NVIDIA GeForce RTX 4090
medium,4096,1,0.7,5036032,0.6998291015625,csr,cupy_cg,int64,float32,108005.13392314315,632.9938143190545,245.43334399999998,2.842170943040401e-14,208225.17946362495,1749.0390768468806,367.95392,0.0,11.625783920288086,0.18376082213299172,3.10.12,2.8.0+cu128,12.8,NVIDIA GeForce RTX 4090
medium,4096,1,0.7,5036032,0.6998291015625,csr,cupy_cgs,int64,float32,1362.8876477014273,11.522920989586495,245.41695999999996,2.842170943040401e-14,5005.526472814381,2610.806195986171,367.937536,0.0,0.00047684801393188536,7.619011632147142e-06,3.10.12,2.8.0+cu128,12.8,NVIDIA GeForce RTX 4090
medium,4096,1,0.7,5036032,0.6998291015625,csr,cupy_minres,int64,float32,97383.03891693552,554.5612368131804,245.41695999999996,2.842170943040401e-14,186134.19272670787,131.85116273085467,367.937536,0.0,2.222506284713745,0.034895018624218545,3.10.12,2.8.0+cu128,12.8,NVIDIA GeForce RTX 4090
medium,4096,1,0.7,5036032,0.6998291015625,csr,cupy_gmres,int64,float32,1982.382033020258,4.5093274111444686,245.41695999999996,2.842170943040401e-14,4372.179197768371,28.538641274802668,367.937536,0.0,1.5488734788959846e-05,2.459577495731527e-07,3.10.12,2.8.0+cu128,12.8,NVIDIA GeForce RTX 4090
medium,4096,1,0.7,5036032,0.6998291015625,csr,cupy_spsolve,int64,float32,1221709.0346643494,10269.631139885101,245.41695999999996,2.842170943040401e-14,2444395.206752233,14201.715166920276,367.937536,0.0,9.944213525159284e-05,1.5639466953124635e-06,3.10.12,2.8.0+cu128,12.8,NVIDIA GeForce RTX 4090
medium,4096,1,0.7,5036032,0.6998291015625,csr,jax_cg,int64,float32,146459.9634287879,1713.318034053627,245.41695999999996,2.842170943040401e-14,330584.89678013657,1812.2212814312852,367.95392,0.0,14.210684776306152,0.22425332332035558,3.10.12,2.8.0+cu128,12.8,NVIDIA GeForce RTX 4090
medium,4096,1,0.7,5036032,0.6998291015625,csr,jax_bicgstab,int64,float32,131137.48745268417,2854.8103912554056,245.41695999999996,2.842170943040401e-14,247008.84360354394,2879.236069250655,367.95392,0.0,0.00018687442934606224,2.948849700645236e-06,3.10.12,2.8.0+cu128,12.8,NVIDIA GeForce RTX 4090
medium,4096,1,0.7,5036032,0.6998291015625,coo,dense.solve,int64,float64,60971.82900541359,3.809148845259118,661.660672,0.0,63182.7323930338,19.210428766808338,930.0224000000001,1.1368683772161603e-13,3.283060479663601e-14,5.116251346223166e-16,3.10.12,2.8.0+cu128,12.8,NVIDIA GeForce RTX 4090
medium,4096,1,0.7,5036032,0.6998291015625,coo,sparse_generic_cg,int64,float64,225148.70739541948,692.1640342286435,413.598208,0.0,449069.5956111368,1453.630517672451,634.9137920000001,1.1368683772161603e-13,13.2820996629462,0.2041196303915997,3.10.12,2.8.0+cu128,12.8,NVIDIA GeForce RTX 4090
medium,4096,1,0.7,5036032,0.6998291015625,coo,sparse_generic_bicgstab,int64,float64,3759.1716326359247,204.7892219839285,413.62995200000006,5.684341886080802e-14,6848.528701812029,52.58382573687263,634.9137920000001,1.1368683772161603e-13,0.00022008804152691207,3.487871819123496e-06,3.10.12,2.8.0+cu128,12.8,NVIDIA GeForce RTX 4090
medium,4096,1,0.7,5036032,0.6998291015625,coo,sparse_generic_minres,int64,float64,138491.10980518162,65.43408068988826,413.76870399999996,5.684341886080802e-14,143981.18768197796,89.68089236516467,634.9137920000001,1.1368683772161603e-13,2.332598983374193,0.03653377913653205,3.10.12,2.8.0+cu128,12.8,NVIDIA GeForce RTX 4090
medium,4096,1,0.7,5036032,0.6998291015625,coo,cupy_cg,int64,float64,12166162.911000557,1493.1986742337979,393.1176960000001,5.684341886080802e-14,24327893.667272292,9607.796055252318,634.848256,0.0,13.654312742961382,0.2129946480887815,3.10.12,2.8.0+cu128,12.8,NVIDIA GeForce RTX 4090
medium,4096,1,0.7,5036032,0.6998291015625,coo,cupy_cgs,int64,float64,165144.8167162016,341.4890348164933,393.08492800000005,5.684341886080802e-14,299369.5040466264,476.29670172538135,634.815488,0.0,0.000127478584610225,1.967208412815986e-06,3.10.12,2.8.0+cu128,12.8,NVIDIA GeForce RTX 4090
medium,4096,1,0.7,5036032,0.6998291015625,coo,cupy_minres,int64,float64,5380931.734107435,1620.9741568543864,393.08492800000005,5.684341886080802e-14,10779486.295379078,1818.1091164183902,634.815488,0.0,2.0896506498782386,0.0326045642193192,3.10.12,2.8.0+cu128,12.8,NVIDIA GeForce RTX 4090
medium,4096,1,0.7,5036032,0.6998291015625,coo,cupy_gmres,int64,float64,274478.363752779,334.40620246533945,393.08492800000005,5.684341886080802e-14,542011.8768524844,697.127556074104,634.815488,0.0,3.9789025934247716e-10,6.152717617536798e-12,3.10.12,2.8.0+cu128,12.8,NVIDIA GeForce RTX 4090
medium,4096,1,0.7,5036032,0.6998291015625,coo,cupy_spsolve,int64,float64,1367970.2537483536,5840.78692988684,393.08492800000005,5.684341886080802e-14,2713166.545931017,8071.427100218424,634.815488,0.0,1.9195161193318345e-13,2.9979482368584286e-15,3.10.12,2.8.0+cu128,12.8,NVIDIA GeForce RTX 4090
medium,4096,1,0.7,5036032,0.6998291015625,coo,jax_cg,int64,float64,220951.3563197106,1353.508390436799,393.08492800000005,5.684341886080802e-14,480563.0136106629,1714.970467922648,634.848256,0.0,13.225956514853134,0.2068467041105301,3.10.12,2.8.0+cu128,12.8,NVIDIA GeForce RTX 4090
medium,4096,1,0.7,5036032,0.6998291015625,coo,jax_bicgstab,int64,float64,158924.9648153782,4631.284104996833,393.08492800000005,5.684341886080802e-14,302873.0670662804,6054.149819757274,634.848256,0.0,0.00045070890802566244,7.003702389306055e-06,3.10.12,2.8.0+cu128,12.8,NVIDIA GeForce RTX 4090
medium,4096,1,0.7,5036032,0.6998291015625,csr,dense.solve,int64,float64,62925.64346868959,10.483469345351914,809.420288,0.0,67634.2508289963,30.633848033541298,889.817088,0.0,3.248114677962158e-14,5.160115073740654e-16,3.10.12,2.8.0+cu128,12.8,NVIDIA GeForce RTX 4090
medium,4096,1,0.7,5036032,0.6998291015625,csr,sparse_generic_cg,int64,float64,128629.54514899424,119.469410058518,353.20217599999995,5.684341886080802e-14,257096.035144059,243.54437988058865,554.40384,0.0,14.179919839777416,0.22267383741522323,3.10.12,2.8.0+cu128,12.8,NVIDIA GeForce RTX 4090
medium,4096,1,0.7,5036032,0.6998291015625,csr,sparse_generic_bicgstab,int64,float64,1529.0987503249198,4.88320453592514,353.201152,0.0,3865.7942495774478,37.438468591396564,554.40384,0.0,0.0001993124374412525,3.130213696462194e-06,3.10.12,2.8.0+cu128,12.8,NVIDIA GeForce RTX 4090
medium,4096,1,0.7,5036032,0.6998291015625,csr,sparse_generic_minres,int64,float64,73984.75952712553,25.812510244456206,353.372672,0.0,100272.98015645808,100.75038875077443,554.40384,0.0,2.205227568144989,0.03486079330766949,3.10.12,2.8.0+cu128,12.8,NVIDIA GeForce RTX 4090
medium,4096,1,0.7,5036032,0.6998291015625,csr,cupy_cg,int64,float64,158263.60413080288,503.5795419465541,352.8960000000001,5.684341886080802e-14,309533.6414175108,1794.1958792418293,554.338304,0.0,13.88239362713407,0.21900397243016062,3.10.12,2.8.0+cu128,12.8,NVIDIA GeForce RTX 4090
medium,4096,1,0.7,5036032,0.6998291015625,csr,cupy_cgs,int64,float64,2212.122199125588,25.529551859824878,352.86323200000004,5.684341886080802e-14,4796.887235715985,59.07132961449613,554.305536,0.0,4.454674485466719e-07,6.997243917237088e-09,3.10.12,2.8.0+cu128,12.8,NVIDIA GeForce RTX 4090
medium,4096,1,0.7,5036032,0.6998291015625,csr,cupy_minres,int64,float64,110771.72730583698,343.476625771395,352.86323200000004,5.684341886080802e-14,218523.51414660612,670.9813471358286,554.305536,0.0,2.266947251563436,0.0353672679105619,3.10.12,2.8.0+cu128,12.8,NVIDIA GeForce RTX 4090
medium,4096,1,0.7,5036032,0.6998291015625,csr,cupy_gmres,int64,float64,2995.2989166809452,13.250824354620423,352.86323200000004,5.684341886080802e-14,6720.6746665760875,45.54289731283715,554.305536,0.0,3.6693559517091133e-10,5.734829405901099e-12,3.10.12,2.8.0+cu128,12.8,NVIDIA GeForce RTX 4090
medium,4096,1,0.7,5036032,0.6998291015625,csr,cupy_spsolve,int64,float64,1345304.1416489417,7364.02070808766,352.86323200000004,5.684341886080802e-14,2708401.939482428,36536.85506908318,554.305536,0.0,2.0025996878626479e-13,3.09484338657301e-15,3.10.12,2.8.0+cu128,12.8,NVIDIA GeForce RTX 4090
medium,4096,1,0.7,5036032,0.6998291015625,csr,jax_cg,int64,float64,193330.66817166077,439.055260464027,352.86323200000004,5.684341886080802e-14,421721.81242494844,3017.2110159250287,554.338304,0.0,11.992838067054292,0.18597180417874193,3.10.12,2.8.0+cu128,12.8,NVIDIA GeForce RTX 4090
medium,4096,1,0.7,5036032,0.6998291015625,csr,jax_bicgstab,int64,float64,158495.2576085925,4159.229254049263,352.86323200000004,5.684341886080802e-14,299104.92012277246,3166.2689002680527,554.338304,0.0,0.00020126293065841162,3.134119102129411e-06,3.10.12,2.8.0+cu128,12.8,NVIDIA GeForce RTX 4090
